,year,ratio_HS_total,ratio_SC_total,ratio_BA_total,ratio_AD_total,ratio_A_BA_total,ratio_A_AD_total,ratio_A_SC_total,ratio_A_HS_total,ratio_B_BA_total,ratio_B_AD_total,ratio_B_SC_total,ratio_B_HS_total,ratio_W_BA_total,ratio_W_AD_total,ratio_W_SC_total,ratio_W_HS_total,ratio_L_BA_total,ratio_L_AD_total,ratio_L_SC_total,ratio_L_HS_total,ratio_M_HS_total,ratio_M_SC_total,ratio_M_BA_total,ratio_M_AD_total,ratio_F_HS_total,ratio_F_SC_total,ratio_F_BA_total,ratio_F_AD_total,ratio_W_M_HS_total,ratio_W_M_SC_total,ratio_W_M_BA_total,ratio_W_M_AD_total,ratio_W_F_HS_total,ratio_W_F_SC_total,ratio_W_F_BA_total,ratio_W_F_AD_total,ratio_L_M_HS_total,ratio_L_M_SC_total,ratio_L_M_BA_total,ratio_L_M_AD_total,ratio_L_F_HS_total,ratio_L_F_SC_total,ratio_L_F_BA_total,ratio_L_F_AD_total,ratio_B_M_HS_total,ratio_B_M_SC_total,ratio_B_M_BA_total,ratio_B_M_AD_total,ratio_B_F_HS_total,ratio_B_F_SC_total,ratio_B_F_BA_total,ratio_B_F_AD_total,ratio_A_M_HS_total,ratio_A_M_SC_total,ratio_A_M_BA_total,ratio_A_M_AD_total,ratio_A_F_HS_total,ratio_A_F_SC_total,ratio_A_F_BA_total,ratio_A_F_AD_total
0,1995,0.8329718004338394,0.9783080260303688,1.3665943600867678,1.8405639913232104,1.2809110629067244,1.7635574837310195,0.9598698481561823,0.7581344902386117,1.1973969631236443,1.6008676789587852,0.8329718004338394,0.710412147505423,1.4013015184381779,1.880694143167028,1.0,0.8741865509761388,1.1995661605206074,1.6800433839479392,0.8459869848156182,0.7288503253796096,1.0,1.1453362255965294,1.561822125813449,2.0824295010845986,0.7180043383947939,0.8329718004338394,1.165943600867679,1.6008676789587852,1.0412147505422993,1.1865509761388287,1.6008676789587852,2.0824295010845986,0.7288503253796096,0.8329718004338394,1.183297180043384,1.6008676789587852,0.8123644251626898,1.0,1.2809110629067244,1.880694143167028,0.6247288503253796,0.7678958785249458,1.0932754880694142,1.5845986984815619,0.7993492407809111,0.8991323210412148,1.2494577006507592,1.6182212581344901,0.6388286334056399,0.7809110629067245,1.1041214750542299,1.5509761388286334,0.8329718004338394,1.0412147505422993,1.4414316702819956,1.9240780911062907,0.6724511930585684,0.8394793926247288,1.143167028199566,1.6008676789587852
1,1996,0.8493449781659389,0.980349344978166,1.3744541484716157,1.8580786026200873,1.294759825327511,1.796943231441048,0.9148471615720524,0.7456331877729258,1.175764192139738,1.546943231441048,0.8264192139737991,0.7063318777292577,1.3744541484716157,1.8842794759825328,1.0109170305676856,0.8875545851528385,1.224890829694323,1.7663755458515285,0.8427947598253275,0.7183406113537117,1.0109170305676856,1.1637554585152838,1.5698689956331877,2.041484716157205,0.7139737991266376,0.8231441048034934,1.175764192139738,1.5698689956331877,1.0207423580786026,1.175764192139738,1.5698689956331877,2.118995633187773,0.7183406113537117,0.8329694323144105,1.175764192139738,1.5720524017467248,0.7958515283842795,0.980349344978166,1.3165938864628821,1.8842794759825328,0.6495633187772926,0.7532751091703057,1.1539301310043668,1.5698689956331877,0.7838427947598253,0.9192139737991266,1.255458515283843,1.6288209606986899,0.6528384279475983,0.8067685589519651,1.0982532751091703,1.482532751091703,0.8657205240174672,0.980349344978166,1.388646288209607,1.9617903930131004,0.6637554585152838,0.8471615720524017,1.1735807860262009,1.5305676855895196
2,1997,0.8604395604395605,1.0,1.3835164835164835,1.8736263736263736,1.3054945054945055,1.9,0.9274725274725275,0.7681318681318682,1.1516483516483516,1.5,0.8395604395604396,0.7197802197802198,1.4,1.9197802197802198,1.0,0.8879120879120879,1.2516483516483516,1.5384615384615385,0.8802197802197802,0.7197802197802198,1.0,1.1516483516483516,1.6,2.1,0.7197802197802198,0.8395604395604396,1.1725274725274726,1.5758241758241758,1.0395604395604396,1.2,1.6142857142857143,2.1142857142857143,0.7296703296703296,0.8461538461538461,1.1923076923076923,1.6,0.8,0.9604395604395605,1.3835164835164835,1.6076923076923078,0.6395604395604395,0.8,1.1516483516483516,1.3835164835164835,0.8,0.9494505494505494,1.2296703296703297,1.6923076923076923,0.6395604395604395,0.7945054945054945,1.10989010989011,1.3835164835164835,0.8,1.0,1.4395604395604396,2.0,0.7098901098901099,0.8318681318681319,1.2,1.6120879120879121
3,1998,0.8553326293558606,0.9736008447729673,1.3875395987328405,1.8268215417106652,1.3157338965153116,1.753959873284055,0.9123548046462513,0.7602956705385427,1.1404435058078142,1.5205913410770855,0.8553326293558606,0.7296726504751848,1.4255543822597676,1.8268215417106652,1.0052798310454065,0.8764519535374868,1.2407602956705386,1.5543822597676875,0.8553326293558606,0.7560718057022175,0.9883843717001056,1.1404435058078142,1.6082365364308342,2.0454065469904963,0.7222808870116156,0.8363252375923971,1.1837381203801478,1.570221752903907,1.0263991552270328,1.1689545934530094,1.6441393875395987,2.1045406546990497,0.7296726504751848,0.8363252375923971,1.2048574445617741,1.570221752903907,0.8035902851108765,0.9503695881731784,1.4255543822597676,1.7961985216473073,0.6578669482576558,0.7602956705385427,1.1288278775079197,1.3421330517423442,0.8173178458289335,0.9503695881731784,1.2787750791974657,1.6821541710665258,0.665258711721225,0.7793030623020063,1.0982048574445618,1.4614572333685323,0.8363252375923971,0.9883843717001056,1.4255543822597676,1.8268215417106652,0.6694825765575502,0.8194297782470961,1.2164730728616684,1.611404435058078
4,1999,0.8378099173553719,0.9638429752066116,1.3977272727272727,1.8181818181818181,1.3088842975206612,1.746900826446281,0.9214876033057852,0.7634297520661157,1.2231404958677685,1.572314049586777,0.8367768595041323,0.7272727272727273,1.3977272727272727,1.8181818181818181,1.0,0.8729338842975206,1.2582644628099173,1.677685950413223,0.8378099173553719,0.7272727272727273,0.981404958677686,1.121900826446281,1.6074380165289257,2.0960743801652892,0.7200413223140496,0.8223140495867769,1.1818181818181819,1.572314049586777,1.0185950413223142,1.1632231404958677,1.6601239669421488,2.0960743801652892,0.7272727272727273,0.8378099173553719,1.18698347107438,1.572314049586777,0.7995867768595041,0.9783057851239669,1.3977272727272727,1.9132231404958677,0.6549586776859504,0.753099173553719,1.1177685950413223,1.3977272727272727,0.8068181818181818,0.9090909090909091,1.3274793388429753,1.7365702479338843,0.6477272727272727,0.768595041322314,1.1528925619834711,1.5020661157024793,0.8326446280991735,1.0475206611570247,1.4545454545454546,1.9814049586776858,0.7272727272727273,0.8378099173553719,1.1745867768595042,1.53099173553719
5,2000,0.8335035750766088,0.9601634320735445,1.3687436159346271,1.7364657814096016,1.335035750766088,1.8355464759959141,0.9203268641470889,0.7783452502553626,1.180796731358529,1.4688457609805925,0.8406537282941777,0.7099080694586313,1.397344228804903,1.8028600612870276,0.9897854954034729,0.8539325842696629,1.215526046986721,1.602655771195097,0.8335035750766088,0.6945863125638406,0.9724208375893769,1.128702757916241,1.602655771195097,2.0020429009193053,0.6945863125638406,0.8335035750766088,1.1685393258426966,1.501532175689479,1.0,1.1685393258426966,1.6496424923391215,2.0020429009193053,0.7048008171603677,0.8335035750766088,1.1736465781409602,1.5352400408580185,0.7640449438202247,0.9550561797752809,1.335035750766088,1.8028600612870276,0.6424923391215526,0.7640449438202247,1.083758937691522,1.3442288049029623,0.7987742594484167,0.9376915219611849,1.2349336057201226,1.669050051072523,0.6547497446373851,0.7814096016343207,1.146067415730337,1.3462717058222675,0.8682328907048008,1.0418794688457609,1.4759959141981613,2.0296220633299287,0.6945863125638406,0.8335035750766088,1.2012257405515832,1.602655771195097
6,2001,0.8392675483214649,0.9664292980671414,1.3550356052899288,1.7741607324516786,1.342828077314344,1.930824008138352,0.9064089521871821,0.7650050864699899,1.1932858596134284,1.484231943031536,0.8392675483214649,0.7131230925737538,1.399796541200407,1.8056968463886063,1.0,0.854526958290946,1.2115971515768056,1.5493387589013226,0.8728382502543235,0.7385554425228891,0.9664292980671414,1.1414038657171923,1.6134282807731435,2.0844354018311293,0.7070193285859614,0.8392675483214649,1.174974567650051,1.5106815869786367,1.007121057985758,1.167853509664293,1.6134282807731435,2.0976602238046795,0.7222787385554426,0.8392675483214649,1.174974567650051,1.5178026449643947,0.8056968463886063,0.9684638860630722,1.3550356052899288,1.6785350966429298,0.671414038657172,0.7690742624618515,1.0925737538148526,1.3550356052899288,0.8056968463886063,0.943031536113937,1.2777212614445574,1.7741607324516786,0.6642929806714141,0.8056968463886063,1.1444557477110886,1.3550356052899288,0.8392675483214649,1.0325534079348933,1.4699898270600202,2.044760935910478,0.671414038657172,0.8056968463886063,1.174974567650051,1.4771108850457781
7,2002,0.8448979591836735,0.9979591836734694,1.3938775510204082,1.8224489795918368,1.3306122448979592,1.9173469387755102,0.9316326530612244,0.7846938775510204,1.2295918367346939,1.5346938775510204,0.8418367346938775,0.7346938775510204,1.4387755102040816,1.8510204081632653,0.9979591836734694,0.8653061224489796,1.2469387755102042,1.586734693877551,0.8948979591836734,0.7346938775510204,0.9979591836734694,1.1479591836734695,1.5979591836734695,2.0785714285714287,0.7316326530612245,0.8428571428571429,1.1979591836734693,1.5346938775510204,0.9979591836734694,1.1642857142857144,1.663265306122449,2.13265306122449,0.7346938775510204,0.863265306122449,1.2142857142857142,1.5581632653061224,0.8316326530612245,0.9979591836734694,1.3520408163265305,1.7897959183673469,0.6653061224489796,0.7979591836734694,1.0857142857142856,1.3642857142857143,0.8214285714285714,0.9326530612244898,1.310204081632653,1.5979591836734695,0.6653061224489796,0.7979591836734694,1.1428571428571428,1.476530612244898,0.889795918367347,1.026530612244898,1.5346938775510204,2.0785714285714287,0.7,0.7979591836734694,1.1510204081632653,1.5704081632653062
8,2003,0.834510595358224,0.9626639757820383,1.3874873864783048,1.7891019172552978,1.2835519677093845,1.8496468213925328,0.9253279515640767,0.7699293642785066,1.218970736629667,1.4772956609485368,0.834510595358224,0.7346115035317861,1.3874873864783048,1.822401614530777,0.9868819374369324,0.8668012108980827,1.3874873864783048,1.7891019172552978,0.9626639757820383,0.834510595358224,0.9626639757820383,1.1231079717457113,1.6044399596367305,2.0504540867810293,0.722502522704339,0.834510595358224,1.2028254288597375,1.5418768920282544,0.9788092835519677,1.15539858728557,1.6044399596367305,2.1019172552976793,0.7376387487386479,0.851664984863774,1.2028254288597375,1.5438950554994955,0.9626639757820383,1.1231079717457113,1.6044399596367305,2.0504540867810293,0.722502522704339,0.834510595358224,1.2028254288597375,1.5418768920282544,0.8022199798183652,0.9243188698284561,1.22401614530777,1.5398587285570131,0.6740665993945509,0.786074672048436,1.2028254288597375,1.4490413723511604,0.8314833501513622,1.058526740665994,1.4813319878910192,2.0060544904137236,0.7063572149344097,0.8536831483350151,1.15539858728557,1.4500504540867811
9,2004,0.8386773547094188,0.9549098196392786,1.343687374749499,1.7925851703406814,1.343687374749499,1.9258517034068137,0.8957915831663327,0.7454909819639278,1.1943887775551103,1.5531062124248498,0.8156312625250501,0.7454909819639278,1.374749498997996,1.7925851703406814,0.9859719438877755,0.8697394789579158,1.343687374749499,1.7925851703406814,0.9549098196392786,0.8386773547094188,0.9509018036072144,1.1182364729458918,1.5531062124248498,2.090180360721443,0.720440881763527,0.8356713426853707,1.1943887775551103,1.5080160320641283,0.9939879759519038,1.154308617234469,1.5821643286573146,2.090180360721443,0.7404809619238477,0.8476953907815631,1.1943887775551103,1.5190380761523046,0.9509018036072144,1.1182364729458918,1.5531062124248498,2.090180360721443,0.720440881763527,0.8356713426853707,1.1943887775551103,1.5080160320641283,0.7765531062124249,0.9008016032064128,1.254509018036072,1.6372745490981964,0.6833667334669339,0.7765531062124249,1.1182364729458918,1.4929859719438878,0.8236472945891784,0.9318637274549099,1.4929859719438878,2.090180360721443,0.6833667334669339,0.8136272545090181,1.1943887775551103,1.5531062124248498
10,2005,0.8396793587174348,0.9529058116232465,1.3527054108216432,1.7344689378757514,1.3226452905811623,1.8787575150300602,0.9018036072144289,0.7545090180360722,1.156312625250501,1.503006012024048,0.8086172344689379,0.7114228456913828,1.3867735470941884,1.7695390781563127,0.9769539078156313,0.8657314629258517,1.3527054108216432,1.7344689378757514,0.9529058116232465,0.8396793587174348,0.9318637274549099,1.097194388777555,1.560120240480962,2.0501002004008018,0.7214428857715431,0.8296593186372746,1.156312625250501,1.503006012024048,0.9619238476953907,1.1272545090180361,1.5901803607214429,2.082164328657315,0.7214428857715431,0.8416833667334669,1.156312625250501,1.503006012024048,0.9318637274549099,1.097194388777555,1.560120240480962,2.0501002004008018,0.7214428857715431,0.8296593186372746,1.156312625250501,1.503006012024048,0.751503006012024,0.9018036072144289,1.2124248496993988,1.5891783567134268,0.6462925851703407,0.751503006012024,1.0681362725450902,1.4458917835671343,0.8316633266533067,0.9619238476953907,1.4458917835671343,2.082164328657315,0.7214428857715431,0.8266533066132264,1.2024048096192386,1.5901803607214429
11,2006,0.8427991886409736,0.9553752535496958,1.3752535496957403,1.7647058823529411,1.356997971602434,1.8377281947261663,0.8823529411764706,0.7647058823529411,1.1348884381338742,1.4929006085192698,0.8235294117647058,0.7058823529411765,1.4127789046653143,1.8103448275862069,0.9898580121703854,0.8661257606490872,1.3752535496957403,1.7647058823529411,0.9553752535496958,0.8427991886409736,0.9553752535496958,1.1176470588235294,1.5557809330628802,2.0922920892494927,0.7058823529411765,0.8326572008113591,1.1764705882352942,1.4989858012170385,0.9898580121703854,1.1308316430020284,1.6115618661257607,2.1206896551724137,0.7200811359026369,0.8468559837728195,1.1866125760649087,1.526369168356998,0.9553752535496958,1.1176470588235294,1.5557809330628802,2.0922920892494927,0.7058823529411765,0.8326572008113591,1.1764705882352942,1.4989858012170385,0.7718052738336714,0.8823529411764706,1.2718052738336714,1.6967545638945234,0.6470588235294118,0.7647058823529411,1.1176470588235294,1.4148073022312373,0.8356997971602435,0.9776876267748479,1.526369168356998,2.0922920892494927,0.7068965517241379,0.8367139959432048,1.1764705882352942,1.588235294117647
12,2007,0.828774062816616,0.961499493414387,1.3738601823708207,1.7710233029381965,1.3738601823708207,1.8125633232016212,0.92806484295846,0.7862208713272543,1.1529888551165146,1.5217831813576495,0.8247213779128673,0.6869300911854104,1.3738601823708207,1.7852077001013171,0.9827760891590679,0.8571428571428571,1.3738601823708207,1.7710233029381965,0.961499493414387,0.828774062816616,0.9523809523809523,1.0982776089159068,1.579533941236069,2.059777102330294,0.7142857142857143,0.8247213779128673,1.1752786220871327,1.5116514690982776,0.9716312056737588,1.1428571428571428,1.6474164133738602,2.059777102330294,0.7142857142857143,0.828774062816616,1.182370820668693,1.5116514690982776,0.9523809523809523,1.0982776089159068,1.579533941236069,2.059777102330294,0.7142857142857143,0.8247213779128673,1.1752786220871327,1.5116514690982776,0.7426545086119554,0.9057750759878419,1.2360688956433636,1.6474164133738602,0.662613981762918,0.7700101317122594,1.0982776089159068,1.5096251266464031,0.8581560283687943,1.0283687943262412,1.5653495440729484,2.059777102330294,0.6869300911854104,0.828774062816616,1.1874366767983788,1.5927051671732524
13,2008,0.8151848151848152,0.935064935064935,1.3146853146853146,1.7372627372627372,1.3586413586413586,1.8821178821178821,0.8691308691308691,0.7612387612387612,1.1548451548451548,1.5664335664335665,0.8011988011988012,0.6793206793206793,1.3586413586413586,1.7502497502497503,0.951048951048951,0.8351648351648352,1.3146853146853146,1.7372627372627372,0.935064935064935,0.8151848151848152,0.935064935064935,1.086913086913087,1.5674325674325675,2.037962037962038,0.6933066933066933,0.8151848151848152,1.1548451548451548,1.5144855144855145,0.965034965034965,1.097902097902098,1.5674325674325675,2.067932067932068,0.7062937062937062,0.8151848151848152,1.1498501498501499,1.5164835164835164,0.935064935064935,1.086913086913087,1.5674325674325675,2.037962037962038,0.6933066933066933,0.8151848151848152,1.1548451548451548,1.5144855144855145,0.7612387612387612,0.8691308691308691,1.187812187812188,1.6453546453546453,0.6523476523476524,0.7712287712287712,1.097902097902098,1.4375624375624376,0.8081918081918081,0.9400599400599401,1.5664335664335665,2.0899100899100898,0.6993006993006993,0.8151848151848152,1.2277722277722278,1.5674325674325675
14,2009,0.7891682785299806,0.9100580270793037,1.3152804642166345,1.7456479690522244,1.2891682785299807,1.7891682785299807,0.8549323017408124,0.746615087040619,1.1131528046421664,1.493230174081238,0.7891682785299806,0.683752417794971,1.3152804642166345,1.7707930367504836,0.9400386847195358,0.8288201160541586,1.3152804642166345,1.7456479690522244,0.9100580270793037,0.7891682785299806,0.9129593810444874,1.0522243713733075,1.5174081237911026,2.02321083172147,0.683752417794971,0.7891682785299806,1.137330754352031,1.516441005802708,0.9468085106382979,1.0783365570599612,1.5783365570599612,2.02321083172147,0.7050290135396519,0.8085106382978723,1.137330754352031,1.5174081237911026,0.9129593810444874,1.0522243713733075,1.5174081237911026,2.02321083172147,0.683752417794971,0.7891682785299806,1.137330754352031,1.516441005802708,0.753384912959381,0.8413926499032882,1.183752417794971,1.5783365570599612,0.6441005802707931,0.7562862669245648,1.0735009671179885,1.3916827852998066,0.7891682785299806,0.9361702127659575,1.390715667311412,1.9796905222437138,0.683752417794971,0.7891682785299806,1.2137330754352031,1.5174081237911026
15,2010,0.7805825242718447,0.9106796116504854,1.3009708737864079,1.7514563106796117,1.3009708737864079,1.8757281553398057,0.8718446601941747,0.7495145631067961,1.1252427184466018,1.396116504854369,0.7805825242718447,0.683495145631068,1.3009708737864079,1.7514563106796117,0.9368932038834952,0.8135922330097087,1.3009708737864079,1.7514563106796117,0.9106796116504854,0.7805825242718447,0.9,1.0407766990291263,1.5009708737864078,2.000970873786408,0.683495145631068,0.7805825242718447,1.1252427184466018,1.5009708737864078,0.9368932038834952,1.0825242718446602,1.5009708737864078,2.0271844660194174,0.7,0.8,1.1252427184466018,1.5009708737864078,0.9,1.0407766990291263,1.5009708737864078,2.000970873786408,0.683495145631068,0.7805825242718447,1.1252427184466018,1.5009708737864078,0.7504854368932039,0.8446601941747572,1.2368932038834952,1.6262135922330097,0.6262135922330098,0.7495145631067961,1.075728155339806,1.3009708737864079,0.7893203883495146,0.9194174757281554,1.4320388349514563,2.000970873786408,0.6766990291262136,0.8,1.2097087378640776,1.6262135922330097
16,2011,0.806,0.913,1.3,1.75,1.3,1.8,0.875,0.728,1.15,1.4,0.78,0.697,1.349,1.75,0.95,0.832,1.3,1.75,0.913,0.806,0.91,1.045,1.5,1.999,0.707,0.8,1.154,1.5,0.936,1.091,1.55,2.075,0.725,0.819,1.17,1.5,0.91,1.045,1.5,1.999,0.707,0.8,1.154,1.5,0.77,0.875,1.251,1.5,0.63,0.749,1.071,1.349,0.78,0.975,1.5,1.999,0.676,0.78,1.175,1.514
17,2012,0.7962413452027696,0.904055390702275,1.2799208704253215,1.738872403560831,1.3293768545994065,1.8110781404549952,0.8456973293768546,0.7062314540059347,1.0870425321463897,1.536102868447082,0.7537091988130564,0.675568743818002,1.3066271018793274,1.7398615232443126,0.9307616221562809,0.8199802176063303,1.2799208704253215,1.738872403560831,0.904055390702275,0.7962413452027696,0.904055390702275,1.0148367952522255,1.5074183976261128,2.0049455984174087,0.6785361028684471,0.7912957467853611,1.1117705242334321,1.4500494559841741,0.9297725024727992,1.0623145400593472,1.5321463897131553,2.0524233432245302,0.7032640949554896,0.8041543026706232,1.1305637982195846,1.4500494559841741,0.904055390702275,1.0148367952522255,1.5074183976261128,2.0049455984174087,0.6785361028684471,0.7912957467853611,1.1117705242334321,1.4500494559841741,0.7438180019782393,0.8545994065281899,1.208704253214639,1.6904055390702275,0.6221562809099901,0.7250247279920871,1.0148367952522255,1.4381800197823937,0.7725024727992087,0.904055390702275,1.4975272007912956,1.9317507418397626,0.6280909990108803,0.7487636003956478,1.2067260138476756,1.5707220573689415
18,2013,0.7996031746031746,0.8998015873015873,1.3224206349206349,1.7311507936507937,1.4126984126984128,1.875,0.8650793650793651,0.7212301587301587,1.2003968253968254,1.5,0.75,0.6746031746031746,1.3224206349206349,1.7311507936507937,0.9295634920634921,0.8253968253968254,1.3224206349206349,1.7311507936507937,0.8998015873015873,0.7996031746031746,0.8998015873015873,1.0099206349206349,1.5525793650793651,2.0188492063492065,0.6964285714285714,0.7876984126984127,1.1617063492063493,1.5,0.9375,1.0625,1.5625,2.0426587301587302,0.7013888888888888,0.7996031746031746,1.1577380952380953,1.5,0.8998015873015873,1.0099206349206349,1.5525793650793651,2.0188492063492065,0.6964285714285714,0.7876984126984127,1.1617063492063493,1.5,0.7251984126984127,0.8154761904761905,1.2132936507936507,1.5863095238095237,0.625,0.7212301587301587,1.1299603174603174,1.4424603174603174,0.75,0.9682539682539683,1.5625,2.115079365079365,0.6974206349206349,0.7996031746031746,1.2023809523809523,1.554563492063492
19,2014,0.8051948051948052,0.9050949050949051,1.3106893106893107,1.6993006993006994,1.3876123876123876,1.905094905094905,0.8791208791208791,0.7432567432567433,1.1148851148851149,1.4295704295704297,0.7592407592407593,0.6933066933066933,1.3326673326673326,1.7032967032967032,0.9410589410589411,0.8341658341658341,1.3106893106893107,1.6993006993006994,0.9050949050949051,0.8051948051948052,0.9050949050949051,1.037962037962038,1.5004995004995005,2.000999000999001,0.6933066933066933,0.7862137862137862,1.1728271728271729,1.4765234765234765,0.9410589410589411,1.071928071928072,1.5484515484515484,2.013986013986014,0.7132867132867133,0.7982017982017982,1.1788211788211789,1.4765234765234765,0.9050949050949051,1.037962037962038,1.5004995004995005,2.000999000999001,0.6933066933066933,0.7862137862137862,1.1728271728271729,1.4765234765234765,0.7432567432567433,0.8341658341658341,1.1438561438561439,1.6673326673326674,0.6193806193806194,0.7142857142857143,1.071928071928072,1.3576423576423577,0.7742257742257742,0.9250749250749251,1.5224775224775224,2.142857142857143,0.6833166833166833,0.8341658341658341,1.2387612387612388,1.6433566433566433
20,2015,0.8048289738430584,0.8983903420523138,1.3329979879275653,1.7142857142857142,1.4265593561368208,1.903420523138833,0.8661971830985915,0.7424547283702213,1.1670020120724347,1.4275653923541247,0.7545271629778671,0.6800804828973843,1.3611670020120725,1.7142857142857142,0.93158953722334,0.8360160965794768,1.3329979879275653,1.7142857142857142,0.8983903420523138,0.8048289738430584,0.9134808853118712,1.0492957746478873,1.5472837022132797,2.0020120724346078,0.693158953722334,0.7847082494969819,1.1750503018108651,1.4748490945674044,0.9517102615694165,1.0714285714285714,1.5704225352112675,2.023138832997988,0.7122736418511066,0.7997987927565392,1.1750503018108651,1.4748490945674044,0.9134808853118712,1.0492957746478873,1.5472837022132797,2.0020120724346078,0.693158953722334,0.7847082494969819,1.1750503018108651,1.4748490945674044,0.7424547283702213,0.8661971830985915,1.2374245472837022,1.5935613682092555,0.5935613682092555,0.7092555331991952,1.113682092555332,1.3088531187122736,0.7917505030181087,0.9517102615694165,1.5472837022132797,2.1287726358148893,0.7112676056338029,0.7766599597585513,1.2374245472837022,1.6659959758551308
21,2016,0.7943469785575049,0.8918128654970761,1.3255360623781676,1.7144249512670566,1.3723196881091617,1.9444444444444444,0.8557504873294347,0.7407407407407407,1.0701754385964912,1.3723196881091617,0.7612085769980507,0.6686159844054581,1.371345029239766,1.7144249512670566,0.9142300194931774,0.817738791423002,1.3255360623781676,1.7144249512670566,0.8918128654970761,0.7943469785575049,0.8879142300194932,1.0282651072124755,1.5360623781676412,1.9668615984405458,0.6851851851851852,0.7729044834307992,1.142300194931774,1.48635477582846,0.9142300194931774,1.0467836257309941,1.6003898635477583,1.989278752436647,0.6910331384015594,0.8001949317738791,1.1442495126705654,1.48635477582846,0.8879142300194932,1.0282651072124755,1.5360623781676412,1.9668615984405458,0.6851851851851852,0.7729044834307992,1.142300194931774,1.48635477582846,0.7134502923976608,0.8615984405458089,1.1442495126705654,1.5311890838206628,0.6169590643274854,0.7134502923976608,1.0058479532163742,1.3674463937621832,0.7943469785575049,0.9512670565302144,1.5662768031189085,2.1949317738791425,0.7115009746588694,0.8001949317738791,1.2573099415204678,1.668615984405458
22,2017,0.7862001943634597,0.8892128279883382,1.3333333333333333,1.6676384839650147,1.446064139941691,1.8911564625850341,0.8668610301263362,0.7230320699708455,1.0670553935860059,1.3780369290573373,0.7687074829931972,0.6656948493683188,1.3343051506316812,1.6676384839650147,0.9251700680272109,0.827016520894072,1.3333333333333333,1.6676384839650147,0.8892128279883382,0.7862001943634597,0.8892128279883382,1.0174927113702623,1.5568513119533527,2.000971817298348,0.6822157434402333,0.7784256559766763,1.1564625850340136,1.467444120505345,0.9251700680272109,1.064139941690962,1.5568513119533527,2.001943634596696,0.6938775510204082,0.7910592808551993,1.1564625850340136,1.4742468415937804,0.8892128279883382,1.0174927113702623,1.5568513119533527,2.000971817298348,0.6822157434402333,0.7784256559766763,1.1564625850340136,1.467444120505345,0.7230320699708455,0.8328474246841594,1.1127308066083577,1.5034013605442176,0.6015549076773566,0.7045675413022352,1.0408163265306123,1.2896015549076774,0.7920310981535471,0.9251700680272109,1.6151603498542273,2.076773566569485,0.6938775510204082,0.7784256559766763,1.2128279883381925,1.6676384839650147
23,2018,0.789272030651341,0.8888888888888888,1.2825670498084292,1.6666666666666667,1.3333333333333333,1.8381226053639848,0.8544061302681992,0.7337164750957854,1.068007662835249,1.3888888888888888,0.7222222222222222,0.6666666666666666,1.289272030651341,1.6666666666666667,0.9003831417624522,0.8218390804597702,1.2825670498084292,1.6666666666666667,0.8888888888888888,0.789272030651341,0.8888888888888888,1.0258620689655173,1.4952107279693487,1.9444444444444444,0.6666666666666666,0.7557471264367817,1.1111111111111112,1.4530651340996168,0.9118773946360154,1.068007662835249,1.4952107279693487,1.9655172413793103,0.6829501915708812,0.7777777777777778,1.1111111111111112,1.4559386973180077,0.8888888888888888,1.0258620689655173,1.4952107279693487,1.9444444444444444,0.6666666666666666,0.7557471264367817,1.1111111111111112,1.4530651340996168,0.7222222222222222,0.8333333333333334,1.1111111111111112,1.5555555555555556,0.5996168582375478,0.6666666666666666,1.0258620689655173,1.2825670498084292,0.8333333333333334,0.946360153256705,1.5373563218390804,2.0402298850574714,0.6446360153256705,0.7480842911877394,1.1743295019157087,1.6024904214559388
24,2019,0.7672897196261682,0.8607476635514019,1.2785046728971963,1.638317757009346,1.4336448598130842,1.966355140186916,0.8523364485981308,0.7242990654205608,1.0654205607476634,1.3766355140186917,0.7355140186915888,0.6392523364485981,1.291588785046729,1.638317757009346,0.905607476635514,0.8093457943925234,1.2785046728971963,1.638317757009346,0.8607476635514019,0.7672897196261682,0.8598130841121495,1.0252336448598132,1.4757009345794392,1.966355140186916,0.6542056074766355,0.7579439252336448,1.1261682242990654,1.4336448598130842,0.914018691588785,1.0654205607476634,1.5158878504672897,1.966355140186916,0.6766355140186916,0.7672897196261682,1.1261682242990654,1.4336448598130842,0.8598130841121495,1.0252336448598132,1.4757009345794392,1.966355140186916,0.6542056074766355,0.7579439252336448,1.1261682242990654,1.4336448598130842,0.7168224299065421,0.819626168224299,1.1261682242990654,1.5364485981308411,0.5962616822429907,0.6794392523364486,1.0242990654205608,1.3046728971962618,0.7672897196261682,0.9317757009345794,1.5981308411214954,2.0897196261682245,0.6392523364485981,0.7990654205607477,1.2299065420560749,1.6813084112149532
25,2020,0.7690265486725664,0.8646017699115044,1.2495575221238937,1.6150442477876106,1.3460176991150443,1.9026548672566372,0.8646017699115044,0.7,1.056637168141593,1.3876106194690265,0.7309734513274336,0.6619469026548672,1.2690265486725665,1.6,0.9,0.8,1.2495575221238937,1.6150442477876106,0.8646017699115044,0.7690265486725664,0.8601769911504424,1.0,1.4469026548672566,1.9230088495575222,0.6522123893805309,0.7601769911504425,1.1,1.4230088495575222,0.879646017699115,1.0185840707964602,1.5,1.9230088495575222,0.672566371681416,0.7690265486725664,1.1079646017699114,1.4,0.8601769911504424,1.0,1.4469026548672566,1.9230088495575222,0.6522123893805309,0.7601769911504425,1.1,1.4230088495575222,0.720353982300885,0.8,1.1539823008849557,1.5380530973451327,0.6,0.6920353982300885,1.0,1.2690265486725665,0.7858407079646018,0.9619469026548673,1.5185840707964602,1.9707964601769912,0.6,0.7752212389380531,1.2,1.6353982300884955
